,negative,positive,macro avg
precision,0.8087774294670846,0.8546574845958681,0.8317174570314764
recall,0.8654813820865481,0.7944743935309974,0.8299778878087727
f1-score,0.8361691784151677,0.8234677841801991,0.8298184812976834
support,2981.0,2968.0,5949.0
