,negative,positive,macro avg
precision,0.7674113009198423,0.7779690189328744,0.7726901599263584
recall,0.783629654478363,0.761455525606469,0.772542590042416
f1-score,0.775435684647303,0.7696237016856803,0.7725296931664916
support,2981.0,2968.0,5949.0
